catalog,catalog_image,package,version,classification,reason,source,assessed_on
"certified-operators","registry.redhat.io/redhat/certified-operator-index:v5.0","abinitio-runtime-operator","4.4.3-2","compatible_reported","Listed as OLMv1-compatible in the user-supplied assessment; not independently install-tested.","user_supplied_compatible_list","2026-10-09"
"certified-operators","registry.redhat.io/redhat/certified-operator-index:v5.0","aci-containers-operator","1.0.12","not_ga_compatible","Current bundle lacks AllNamespaces install mode; OwnNamespace/SingleNamespace use is Technology Preview.","catalog_bundle_metadata","2026-10-09"
"certified-operators","registry.redhat.io/redhat/certified-operator-index:v5.0","airlock-microgateway","5.1.2","compatible_reported","Listed as OLMv1-compatible in the user-supplied assessment; not independently install-tested.","user_supplied_compatible_list","2026-10-09"
"certified-operators","registry.redhat.io/redhat/certified-operator-index:v5.0","anzo-operator","3.1.300","not_ga_compatible","Current bundle lacks AllNamespaces install mode; OwnNamespace/SingleNamespace use is Technology Preview.","catalog_bundle_metadata","2026-10-09"
"certified-operators","registry.redhat.io/redhat/certified-operator-index:v5.0","anzograph-operator","3.2.500","not_ga_compatible","Current bundle lacks AllNamespaces install mode; OwnNamespace/SingleNamespace use is Technology Preview.","catalog_bundle_metadata","2026-10-09"
"certified-operators","registry.redhat.io/redhat/certified-operator-index:v5.0","anzounstructured-operator","3.1.300","not_ga_compatible","Current bundle lacks AllNamespaces install mode; OwnNamespace/SingleNamespace use is Technology Preview.","catalog_bundle_metadata","2026-10-09"
"certified-operators","registry.redhat.io/redhat/certified-operator-index:v5.0","apelocal-csi","0.4.3","compatible_reported","Listed as OLMv1-compatible in the user-supplied assessment; not independently install-tested.","user_supplied_compatible_list","2026-10-09"
"certified-operators","registry.redhat.io/redhat/certified-operator-index:v5.0","appdynamics-operator","24.7.0-861","compatible_reported","Listed as OLMv1-compatible in the user-supplied assessment; not independently install-tested.","user_supplied_compatible_list","2026-10-09"
"certified-operators","registry.redhat.io/redhat/certified-operator-index:v5.0","appsentinels-sslsniffer-operator","0.0.2","compatible_reported","Listed as OLMv1-compatible in the user-supplied assessment; not independently install-tested.","user_supplied_compatible_list","2026-10-09"
"certified-operators","registry.redhat.io/redhat/certified-operator-index:v5.0","aqua-operator-certified","2022.4.893","not_ga_compatible","Current bundle lacks AllNamespaces install mode; OwnNamespace/SingleNamespace use is Technology Preview.","catalog_bundle_metadata","2026-10-09"
"certified-operators","registry.redhat.io/redhat/certified-operator-index:v5.0","axera-operator","1.1.0","compatible_reported","Listed as OLMv1-compatible in the user-supplied assessment; not independently install-tested.","user_supplied_compatible_list","2026-10-09"
"certified-operators","registry.redhat.io/redhat/certified-operator-index:v5.0","cfm-operator","2.11.0-b57","compatible_reported","Listed as OLMv1-compatible in the user-supplied assessment; not independently install-tested.","user_supplied_compatible_list","2026-10-09"
"certified-operators","registry.redhat.io/redhat/certified-operator-index:v5.0","cilium-enterprise","1.16.16+xf0717b8","not_ga_compatible","Current bundle lacks AllNamespaces install mode; OwnNamespace/SingleNamespace use is Technology Preview.","catalog_bundle_metadata","2026-10-09"
"certified-operators","registry.redhat.io/redhat/certified-operator-index:v5.0","cloudera-streams-messaging-kubernetes-operator","1.5.0-b123","compatible_reported","Listed as OLMv1-compatible in the user-supplied assessment; not independently install-tested.","user_supplied_compatible_list","2026-10-09"
"certified-operators","registry.redhat.io/redhat/certified-operator-index:v5.0","coherence-operator","3.5.9","compatible_reported","Listed as OLMv1-compatible in the user-supplied assessment; not independently install-tested.","user_supplied_compatible_list","2026-10-09"
"certified-operators","registry.redhat.io/redhat/certified-operator-index:v5.0","conjur-follower-operator","2.10.1","compatible_reported","Listed as OLMv1-compatible in the user-supplied assessment; not independently install-tested.","user_supplied_compatible_list","2026-10-09"
"certified-operators","registry.redhat.io/redhat/certified-operator-index:v5.0","cp-fko","1.15.0-cp4","compatible_reported","Listed as OLMv1-compatible in the user-supplied assessment; not independently install-tested.","user_supplied_compatible_list","2026-10-09"
"certified-operators","registry.redhat.io/redhat/certified-operator-index:v5.0","cte-k8s-operator","2.0.33","compatible_reported","Listed as OLMv1-compatible in the user-supplied assessment; not independently install-tested.","user_supplied_compatible_list","2026-10-09"
"certified-operators","registry.redhat.io/redhat/certified-operator-index:v5.0","datadog-operator-certified","1.30.0","compatible_reported","Listed as OLMv1-compatible in the user-supplied assessment; not independently install-tested.","user_supplied_compatible_list","2026-10-09"
"certified-operators","registry.redhat.io/redhat/certified-operator-index:v5.0","digitalai-deploy-operator","25.1.0-beta.5","compatible_reported","Listed as OLMv1-compatible in the user-supplied assessment; not independently install-tested.","user_supplied_compatible_list","2026-10-09"
"certified-operators","registry.redhat.io/redhat/certified-operator-index:v5.0","digitalai-release-operator","25.1.0-beta.6","compatible_reported","Listed as OLMv1-compatible in the user-supplied assessment; not independently install-tested.","user_supplied_compatible_list","2026-10-09"
"certified-operators","registry.redhat.io/redhat/certified-operator-index:v5.0","dynatrace-operator","1.11.0","compatible_reported","Listed as OLMv1-compatible in the user-supplied assessment; not independently install-tested.","user_supplied_compatible_list","2026-10-09"
"certified-operators","registry.redhat.io/redhat/certified-operator-index:v5.0","eginnovations-operator","0.0.11","compatible_reported","Listed as OLMv1-compatible in the user-supplied assessment; not independently install-tested.","user_supplied_compatible_list","2026-10-09"
"certified-operators","registry.redhat.io/redhat/certified-operator-index:v5.0","elasticsearch-eck-operator-certified","3.5.0","compatible_reported","Listed as OLMv1-compatible in the user-supplied assessment; not independently install-tested.","user_supplied_compatible_list","2026-10-09"
"certified-operators","registry.redhat.io/redhat/certified-operator-index:v5.0","falcon-operator","1.15.0","compatible_reported","Listed as OLMv1-compatible in the user-supplied assessment; not independently install-tested.","user_supplied_compatible_list","2026-10-09"
"certified-operators","registry.redhat.io/redhat/certified-operator-index:v5.0","flow-cni-operator","1.1.0","compatible_reported","Listed as OLMv1-compatible in the user-supplied assessment; not independently install-tested.","user_supplied_compatible_list","2026-10-09"
"certified-operators","registry.redhat.io/redhat/certified-operator-index:v5.0","fujitsu-enterprise-postgres-operator","5.1.7","not_ga_compatible","Current bundle lacks AllNamespaces install mode; OwnNamespace/SingleNamespace use is Technology Preview.","catalog_bundle_metadata","2026-10-09"
"certified-operators","registry.redhat.io/redhat/certified-operator-index:v5.0","function-mesh","0.7.0","compatible_reported","Listed as OLMv1-compatible in the user-supplied assessment; not independently install-tested.","user_supplied_compatible_list","2026-10-09"
"certified-operators","registry.redhat.io/redhat/certified-operator-index:v5.0","habana-ai-operator","1.24.2-481","not_ga_compatible","Current bundle lacks AllNamespaces install mode; OwnNamespace/SingleNamespace use is Technology Preview.","catalog_bundle_metadata","2026-10-09"
"certified-operators","registry.redhat.io/redhat/certified-operator-index:v5.0","hammu-platform","0.1.0","not_ga_compatible","Current bundle lacks AllNamespaces install mode; OwnNamespace/SingleNamespace use is Technology Preview.","catalog_bundle_metadata","2026-10-09"
"certified-operators","registry.redhat.io/redhat/certified-operator-index:v5.0","harness-gitops-operator","0.6.1","compatible_reported","Listed as OLMv1-compatible in the user-supplied assessment; not independently install-tested.","user_supplied_compatible_list","2026-10-09"
"certified-operators","registry.redhat.io/redhat/certified-operator-index:v5.0","hazelcast-platform-operator","5.15.0","compatible_reported","Listed as OLMv1-compatible in the user-supplied assessment; not independently install-tested.","user_supplied_compatible_list","2026-10-09"
"certified-operators","registry.redhat.io/redhat/certified-operator-index:v5.0","hcp-terraform-operator","2.11.0","compatible_reported","Listed as OLMv1-compatible in the user-supplied assessment; not independently install-tested.","user_supplied_compatible_list","2026-10-09"
"certified-operators","registry.redhat.io/redhat/certified-operator-index:v5.0","hibernation-operator","0.1.104","compatible_reported","Listed as OLMv1-compatible in the user-supplied assessment; not independently install-tested.","user_supplied_compatible_list","2026-10-09"
"certified-operators","registry.redhat.io/redhat/certified-operator-index:v5.0","hnas-csi-operator","1.0.0","not_ga_compatible","Current bundle lacks AllNamespaces install mode; OwnNamespace/SingleNamespace use is Technology Preview.","catalog_bundle_metadata","2026-10-09"
"certified-operators","registry.redhat.io/redhat/certified-operator-index:v5.0","hpe-csi-operator","3.3.0","not_ga_compatible","Current bundle lacks AllNamespaces install mode; OwnNamespace/SingleNamespace use is Technology Preview.","catalog_bundle_metadata","2026-10-09"
"certified-operators","registry.redhat.io/redhat/certified-operator-index:v5.0","hpe-ezmeral-csi-operator","1.0.9","not_ga_compatible","Current bundle lacks AllNamespaces install mode; OwnNamespace/SingleNamespace use is Technology Preview.","catalog_bundle_metadata","2026-10-09"
"certified-operators","registry.redhat.io/redhat/certified-operator-index:v5.0","ibm-application-gateway-operator","26.7.1","compatible_reported","Listed as OLMv1-compatible in the user-supplied assessment; not independently install-tested.","user_supplied_compatible_list","2026-10-09"
"certified-operators","registry.redhat.io/redhat/certified-operator-index:v5.0","ibm-security-verify-access-operator","26.5.0","compatible_reported","Listed as OLMv1-compatible in the user-supplied assessment; not independently install-tested.","user_supplied_compatible_list","2026-10-09"
"certified-operators","registry.redhat.io/redhat/certified-operator-index:v5.0","infoscale-dr-manager","9.2.1","compatible_reported","Listed as OLMv1-compatible in the user-supplied assessment; not independently install-tested.","user_supplied_compatible_list","2026-10-09"
"certified-operators","registry.redhat.io/redhat/certified-operator-index:v5.0","infoscale-licensing-operator","9.2.1","compatible_reported","Listed as OLMv1-compatible in the user-supplied assessment; not independently install-tested.","user_supplied_compatible_list","2026-10-09"
"certified-operators","registry.redhat.io/redhat/certified-operator-index:v5.0","infoscale-sds-operator","9.2.1","incompatible_dependency","OLMv1 does not resolve this catalog dependency: olm.package.required: infoscale-licensing-operator >=8.0.300.","catalog_bundle_metadata","2026-10-09"
"certified-operators","registry.redhat.io/redhat/certified-operator-index:v5.0","instana-agent-operator","2.2.21","compatible_reported","Listed as OLMv1-compatible in the user-supplied assessment; not independently install-tested.","user_supplied_compatible_list","2026-10-09"
"certified-operators","registry.redhat.io/redhat/certified-operator-index:v5.0","kalybr-ent-operator","0.2.0","compatible_reported","Listed as OLMv1-compatible in the user-supplied assessment; not independently install-tested.","user_supplied_compatible_list","2026-10-09"
"certified-operators","registry.redhat.io/redhat/certified-operator-index:v5.0","kubearmor-operator-certified","1.7.3","not_ga_compatible","Current bundle lacks AllNamespaces install mode; OwnNamespace/SingleNamespace use is Technology Preview.","catalog_bundle_metadata","2026-10-09"
"certified-operators","registry.redhat.io/redhat/certified-operator-index:v5.0","kubeblocks","1.0.1","compatible_reported","Listed as OLMv1-compatible in the user-supplied assessment; not independently install-tested.","user_supplied_compatible_list","2026-10-09"
"certified-operators","registry.redhat.io/redhat/certified-operator-index:v5.0","kubeturbo-certified","8.21.20","not_ga_compatible","Current bundle lacks AllNamespaces install mode; OwnNamespace/SingleNamespace use is Technology Preview.","catalog_bundle_metadata","2026-10-09"
"certified-operators","registry.redhat.io/redhat/certified-operator-index:v5.0","lightbits-operator","1.3.0","compatible_reported","Listed as OLMv1-compatible in the user-supplied assessment; not independently install-tested.","user_supplied_compatible_list","2026-10-09"
"certified-operators","registry.redhat.io/redhat/certified-operator-index:v5.0","linstor-operator","2.12.0","not_ga_compatible","Current bundle lacks AllNamespaces install mode; OwnNamespace/SingleNamespace use is Technology Preview.","catalog_bundle_metadata","2026-10-09"
"certified-operators","registry.redhat.io/redhat/certified-operator-index:v5.0","mariadb-enterprise-operator","25.8.1-1","compatible_reported","Listed as OLMv1-compatible in the user-supplied assessment; not independently install-tested.","user_supplied_compatible_list","2026-10-09"
"certified-operators","registry.redhat.io/redhat/certified-operator-index:v5.0","mediation-openstack-operator","8.20.0","not_ga_compatible","Current bundle lacks AllNamespaces install mode; OwnNamespace/SingleNamespace use is Technology Preview.","catalog_bundle_metadata","2026-10-09"
"certified-operators","registry.redhat.io/redhat/certified-operator-index:v5.0","minio-directpv","2026.4.9130438","compatible_reported","Listed as OLMv1-compatible in the user-supplied assessment; not independently install-tested.","user_supplied_compatible_list","2026-10-09"
"certified-operators","registry.redhat.io/redhat/certified-operator-index:v5.0","mongodb-atlas-kubernetes","2.8.0","compatible_reported","Listed as OLMv1-compatible in the user-supplied assessment; not independently install-tested.","user_supplied_compatible_list","2026-10-09"
"certified-operators","registry.redhat.io/redhat/certified-operator-index:v5.0","mongodb-kubernetes","1.13.0","compatible_reported","Listed as OLMv1-compatible in the user-supplied assessment; not independently install-tested.","user_supplied_compatible_list","2026-10-09"
"certified-operators","registry.redhat.io/redhat/certified-operator-index:v5.0","mto-dependencies-operator","0.0.15","compatible_reported","Listed as OLMv1-compatible in the user-supplied assessment; not independently install-tested.","user_supplied_compatible_list","2026-10-09"
"certified-operators","registry.redhat.io/redhat/certified-operator-index:v5.0","netai-demo-operator","0.0.1","compatible_reported","Listed as OLMv1-compatible in the user-supplied assessment; not independently install-tested.","user_supplied_compatible_list","2026-10-09"
"certified-operators","registry.redhat.io/redhat/certified-operator-index:v5.0","netscaler-adm-agent-operator","141.72.57","compatible_reported","Listed as OLMv1-compatible in the user-supplied assessment; not independently install-tested.","user_supplied_compatible_list","2026-10-09"
"certified-operators","registry.redhat.io/redhat/certified-operator-index:v5.0","netscaler-operator","3.6.0","compatible_reported","Listed as OLMv1-compatible in the user-supplied assessment; not independently install-tested.","user_supplied_compatible_list","2026-10-09"
"certified-operators","registry.redhat.io/redhat/certified-operator-index:v5.0","neuvector-certified-operator","1.5.9","compatible_reported","Listed as OLMv1-compatible in the user-supplied assessment; not independently install-tested.","user_supplied_compatible_list","2026-10-09"
"certified-operators","registry.redhat.io/redhat/certified-operator-index:v5.0","nexus-repository-ha-operator-certified","3.96.0-1","compatible_reported","Listed as OLMv1-compatible in the user-supplied assessment; not independently install-tested.","user_supplied_compatible_list","2026-10-09"
"certified-operators","registry.redhat.io/redhat/certified-operator-index:v5.0","nginx-gateway-fabric","1.4.0","compatible_reported","Listed as OLMv1-compatible in the user-supplied assessment; not independently install-tested.","user_supplied_compatible_list","2026-10-09"
"certified-operators","registry.redhat.io/redhat/certified-operator-index:v5.0","nginx-ingress-operator","3.7.3","compatible_reported","Listed as OLMv1-compatible in the user-supplied assessment; not independently install-tested.","user_supplied_compatible_list","2026-10-09"
"certified-operators","registry.redhat.io/redhat/certified-operator-index:v5.0","nim-operator-certified","3.1.2","compatible_reported","Listed as OLMv1-compatible in the user-supplied assessment; not independently install-tested.","user_supplied_compatible_list","2026-10-09"
"certified-operators","registry.redhat.io/redhat/certified-operator-index:v5.0","nspc-operator","1.17.3","not_ga_compatible","Current bundle lacks AllNamespaces install mode; OwnNamespace/SingleNamespace use is Technology Preview.","catalog_bundle_metadata","2026-10-09"
"certified-operators","registry.redhat.io/redhat/certified-operator-index:v5.0","nvidia-maintenance-operator","26.4.0","compatible_reported","Listed as OLMv1-compatible in the user-supplied assessment; not independently install-tested.","user_supplied_compatible_list","2026-10-09"
"certified-operators","registry.redhat.io/redhat/certified-operator-index:v5.0","nxiq-operator-certified","1.204.0-1","compatible_reported","Listed as OLMv1-compatible in the user-supplied assessment; not independently install-tested.","user_supplied_compatible_list","2026-10-09"
"certified-operators","registry.redhat.io/redhat/certified-operator-index:v5.0","odigos-operator","1.37.1","not_ga_compatible","Current bundle lacks AllNamespaces install mode; OwnNamespace/SingleNamespace use is Technology Preview.","catalog_bundle_metadata","2026-10-09"
"certified-operators","registry.redhat.io/redhat/certified-operator-index:v5.0","open-liberty-certified","1.6.3","compatible_reported","Listed as OLMv1-compatible in the user-supplied assessment; not independently install-tested.","user_supplied_compatible_list","2026-10-09"
"certified-operators","registry.redhat.io/redhat/certified-operator-index:v5.0","operator-aims-mobile","0.0.27","compatible_reported","Listed as OLMv1-compatible in the user-supplied assessment; not independently install-tested.","user_supplied_compatible_list","2026-10-09"
"certified-operators","registry.redhat.io/redhat/certified-operator-index:v5.0","operator-certification-operator","1.6.2","incompatible_dependency","OLMv1 does not resolve this catalog dependency: olm.package.required: openshift-pipelines-operator-rh >=1.5.2.","catalog_bundle_metadata","2026-10-09"
"certified-operators","registry.redhat.io/redhat/certified-operator-index:v5.0","prometurbo-certified","8.21.20","not_ga_compatible","Current bundle lacks AllNamespaces install mode; OwnNamespace/SingleNamespace use is Technology Preview.","catalog_bundle_metadata","2026-10-09"
"certified-operators","registry.redhat.io/redhat/certified-operator-index:v5.0","pubsubplus-eventbroker-operator","1.4.2","compatible_reported","Listed as OLMv1-compatible in the user-supplied assessment; not independently install-tested.","user_supplied_compatible_list","2026-10-09"
"certified-operators","registry.redhat.io/redhat/certified-operator-index:v5.0","runtime-component-operator-certified","1.6.3","compatible_reported","Listed as OLMv1-compatible in the user-supplied assessment; not independently install-tested.","user_supplied_compatible_list","2026-10-09"
"certified-operators","registry.redhat.io/redhat/certified-operator-index:v5.0","seawise-backup-operator","0.1.2","compatible_reported","Listed as OLMv1-compatible in the user-supplied assessment; not independently install-tested.","user_supplied_compatible_list","2026-10-09"
"certified-operators","registry.redhat.io/redhat/certified-operator-index:v5.0","simplyblock-operator","26.3.0","compatible_reported","Listed as OLMv1-compatible in the user-supplied assessment; not independently install-tested.","user_supplied_compatible_list","2026-10-09"
"certified-operators","registry.redhat.io/redhat/certified-operator-index:v5.0","sriov-fec","2.12.2","compatible_reported","Listed as OLMv1-compatible in the user-supplied assessment; not independently install-tested.","user_supplied_compatible_list","2026-10-09"
"certified-operators","registry.redhat.io/redhat/certified-operator-index:v5.0","synaxg-operator","1.2.0","compatible_reported","Listed as OLMv1-compatible in the user-supplied assessment; not independently install-tested.","user_supplied_compatible_list","2026-10-09"
"certified-operators","registry.redhat.io/redhat/certified-operator-index:v5.0","t8c-certified","42.116.0","not_ga_compatible","Current bundle lacks AllNamespaces install mode; OwnNamespace/SingleNamespace use is Technology Preview.","catalog_bundle_metadata","2026-10-09"
"certified-operators","registry.redhat.io/redhat/certified-operator-index:v5.0","t8c-tsc-client-certified","1.7.3","not_ga_compatible","Current bundle lacks AllNamespaces install mode; OwnNamespace/SingleNamespace use is Technology Preview.","catalog_bundle_metadata","2026-10-09"
"certified-operators","registry.redhat.io/redhat/certified-operator-index:v5.0","tawon-operator","2.29.1","compatible_reported","Listed as OLMv1-compatible in the user-supplied assessment; not independently install-tested.","user_supplied_compatible_list","2026-10-09"
"certified-operators","registry.redhat.io/redhat/certified-operator-index:v5.0","template-operator","0.1.8","compatible_reported","Listed as OLMv1-compatible in the user-supplied assessment; not independently install-tested.","user_supplied_compatible_list","2026-10-09"
"certified-operators","registry.redhat.io/redhat/certified-operator-index:v5.0","tenant-operator","1.10.1","incompatible_dependency","OLMv1 does not resolve this catalog dependency: olm.package.required: hibernation-operator >=0.1.104, mto-dependencies-operator >=0.0.14, template-operator >=0.1.8.","catalog_bundle_metadata","2026-10-09"
"certified-operators","registry.redhat.io/redhat/certified-operator-index:v5.0","truenas-csi","1.1.2","compatible_reported","Listed as OLMv1-compatible in the user-supplied assessment; not independently install-tested.","user_supplied_compatible_list","2026-10-09"
"certified-operators","registry.redhat.io/redhat/certified-operator-index:v5.0","tvo-operator","6.2.4","compatible_reported","Listed as OLMv1-compatible in the user-supplied assessment; not independently install-tested.","user_supplied_compatible_list","2026-10-09"
"certified-operators","registry.redhat.io/redhat/certified-operator-index:v5.0","vast-csi-operator","2.6.4","not_ga_compatible","Current bundle lacks AllNamespaces install mode; OwnNamespace/SingleNamespace use is Technology Preview.","catalog_bundle_metadata","2026-10-09"
"certified-operators","registry.redhat.io/redhat/certified-operator-index:v5.0","vault-secrets-operator","1.6.0","compatible_reported","Listed as OLMv1-compatible in the user-supplied assessment; not independently install-tested.","user_supplied_compatible_list","2026-10-09"
"certified-operators","registry.redhat.io/redhat/certified-operator-index:v5.0","vcp-operator","1.10.0","compatible_reported","Listed as OLMv1-compatible in the user-supplied assessment; not independently install-tested.","user_supplied_compatible_list","2026-10-09"
"certified-operators","registry.redhat.io/redhat/certified-operator-index:v5.0","wave","3.4.8","compatible_reported","Listed as OLMv1-compatible in the user-supplied assessment; not independently install-tested.","user_supplied_compatible_list","2026-10-09"
"certified-operators","registry.redhat.io/redhat/certified-operator-index:v5.0","zabbix-operator-certified","6.0.46","not_ga_compatible","Current bundle lacks AllNamespaces install mode; OwnNamespace/SingleNamespace use is Technology Preview.","catalog_bundle_metadata","2026-10-09"
"certified-operators","registry.redhat.io/redhat/certified-operator-index:v5.0","zk-operator","0.0.1","compatible_reported","Listed as OLMv1-compatible in the user-supplied assessment; not independently install-tested.","user_supplied_compatible_list","2026-10-09"
"redhat-operators","registry.redhat.io/redhat/redhat-operator-index:v5.0","3scale-operator","0.11.8-mas","compatible_reported","Listed as OLMv1-compatible in the user-supplied assessment; not independently install-tested.","user_supplied_compatible_list","2026-10-09"
"redhat-operators","registry.redhat.io/redhat/redhat-operator-index:v5.0","advanced-cluster-management","2.17.3","not_ga_compatible","Current bundle lacks AllNamespaces install mode; OwnNamespace/SingleNamespace use is Technology Preview.","catalog_bundle_metadata","2026-10-09"
"redhat-operators","registry.redhat.io/redhat/redhat-operator-index:v5.0","amq-broker-rhel8","7.12.7-opr-1+0.1780501200.p","compatible_reported","Listed as OLMv1-compatible in the user-supplied assessment; not independently install-tested.","user_supplied_compatible_list","2026-10-09"
"redhat-operators","registry.redhat.io/redhat/redhat-operator-index:v5.0","amq-broker-rhel9","7.14.1-opr-1","compatible_reported","Listed as OLMv1-compatible in the user-supplied assessment; not independently install-tested.","user_supplied_compatible_list","2026-10-09"
"redhat-operators","registry.redhat.io/redhat/redhat-operator-index:v5.0","amq-streams","3.2.1-14","compatible_reported","Listed as OLMv1-compatible in the user-supplied assessment; not independently install-tested.","user_supplied_compatible_list","2026-10-09"
"redhat-operators","registry.redhat.io/redhat/redhat-operator-index:v5.0","amq-streams-console","3.2.1-10","compatible_reported","Listed as OLMv1-compatible in the user-supplied assessment; not independently install-tested.","user_supplied_compatible_list","2026-10-09"
"redhat-operators","registry.redhat.io/redhat/redhat-operator-index:v5.0","amq-streams-proxy","3.2.1-11","compatible_reported","Listed as OLMv1-compatible in the user-supplied assessment; not independently install-tested.","user_supplied_compatible_list","2026-10-09"
"redhat-operators","registry.redhat.io/redhat/redhat-operator-index:v5.0","amq7-interconnect-operator","1.10.20","not_ga_compatible","Current bundle lacks AllNamespaces install mode; OwnNamespace/SingleNamespace use is Technology Preview.","catalog_bundle_metadata","2026-10-09"
"redhat-operators","registry.redhat.io/redhat/redhat-operator-index:v5.0","ansible-automation-platform-operator","2.7.0+0.1791268465","not_ga_compatible","Current bundle lacks AllNamespaces install mode; OwnNamespace/SingleNamespace use is Technology Preview.","catalog_bundle_metadata","2026-10-09"
"redhat-operators","registry.redhat.io/redhat/redhat-operator-index:v5.0","ansible-cloud-addons-operator","2.5.0+0.1761049779","compatible_reported","Listed as OLMv1-compatible in the user-supplied assessment; not independently install-tested.","user_supplied_compatible_list","2026-10-09"
"redhat-operators","registry.redhat.io/redhat/redhat-operator-index:v5.0","apicast-operator","0.8.1","compatible_reported","Listed as OLMv1-compatible in the user-supplied assessment; not independently install-tested.","user_supplied_compatible_list","2026-10-09"
"redhat-operators","registry.redhat.io/redhat/redhat-operator-index:v5.0","apicurio-registry-3","3.3.3-r1","compatible_reported","Listed as OLMv1-compatible in the user-supplied assessment; not independently install-tested.","user_supplied_compatible_list","2026-10-09"
"redhat-operators","registry.redhat.io/redhat/redhat-operator-index:v5.0","authorino-operator","1.2.2","compatible_reported","Listed as OLMv1-compatible in the user-supplied assessment; not independently install-tested.","user_supplied_compatible_list","2026-10-09"
"redhat-operators","registry.redhat.io/redhat/redhat-operator-index:v5.0","aws-load-balancer-operator","1.3.2","compatible_reported","Listed as OLMv1-compatible in the user-supplied assessment; not independently install-tested.","user_supplied_compatible_list","2026-10-09"
"redhat-operators","registry.redhat.io/redhat/redhat-operator-index:v5.0","bamoe-businessautomation-operator","8.0.9-3","not_ga_compatible","Current bundle lacks AllNamespaces install mode; OwnNamespace/SingleNamespace use is Technology Preview.","catalog_bundle_metadata","2026-10-09"
"redhat-operators","registry.redhat.io/redhat/redhat-operator-index:v5.0","bamoe-kogito-operator","8.0.5-3","compatible_reported","Listed as OLMv1-compatible in the user-supplied assessment; not independently install-tested.","user_supplied_compatible_list","2026-10-09"
"redhat-operators","registry.redhat.io/redhat/redhat-operator-index:v5.0","bgp-cloud-connector","1.0.0","not_ga_compatible","Current bundle lacks AllNamespaces install mode; OwnNamespace/SingleNamespace use is Technology Preview.","catalog_bundle_metadata","2026-10-09"
"redhat-operators","registry.redhat.io/redhat/redhat-operator-index:v5.0","businessautomation-operator","7.13.5-23","not_ga_compatible","Current bundle lacks AllNamespaces install mode; OwnNamespace/SingleNamespace use is Technology Preview.","catalog_bundle_metadata","2026-10-09"
"redhat-operators","registry.redhat.io/redhat/redhat-operator-index:v5.0","cephcsi-operator","4.22.3-rhodf","compatible_reported","Listed as OLMv1-compatible in the user-supplied assessment; not independently install-tested.","user_supplied_compatible_list","2026-10-09"
"redhat-operators","registry.redhat.io/redhat/redhat-operator-index:v5.0","cincinnati-operator","5.0.3","not_ga_compatible","Current bundle lacks AllNamespaces install mode; OwnNamespace/SingleNamespace use is Technology Preview.","catalog_bundle_metadata","2026-10-09"
"redhat-operators","registry.redhat.io/redhat/redhat-operator-index:v5.0","cli-manager","0.2.0","not_ga_compatible","Current bundle lacks AllNamespaces install mode; OwnNamespace/SingleNamespace use is Technology Preview.","catalog_bundle_metadata","2026-10-09"
"redhat-operators","registry.redhat.io/redhat/redhat-operator-index:v5.0","cluster-observability-operator","1.5.2","compatible_reported","Listed as OLMv1-compatible in the user-supplied assessment; not independently install-tested.","user_supplied_compatible_list","2026-10-09"
"redhat-operators","registry.redhat.io/redhat/redhat-operator-index:v5.0","compliance-operator","1.10.0","compatible_reported","Listed as OLMv1-compatible in the user-supplied assessment; not independently install-tested.","user_supplied_compatible_list","2026-10-09"
"redhat-operators","registry.redhat.io/redhat/redhat-operator-index:v5.0","container-security-operator","3.18.0","compatible_reported","Listed as OLMv1-compatible in the user-supplied assessment; not independently install-tested.","user_supplied_compatible_list","2026-10-09"
"redhat-operators","registry.redhat.io/redhat/redhat-operator-index:v5.0","costmanagement-metrics-operator","4.4.2","not_ga_compatible","Current bundle lacks AllNamespaces install mode; OwnNamespace/SingleNamespace use is Technology Preview.","catalog_bundle_metadata","2026-10-09"
"redhat-operators","registry.redhat.io/redhat/redhat-operator-index:v5.0","cryostat-operator","4.2.0+12","compatible_reported","Listed as OLMv1-compatible in the user-supplied assessment; not independently install-tested.","user_supplied_compatible_list","2026-10-09"
"redhat-operators","registry.redhat.io/redhat/redhat-operator-index:v5.0","datagrid","8.6.8","compatible_reported","Listed as OLMv1-compatible in the user-supplied assessment; not independently install-tested.","user_supplied_compatible_list","2026-10-09"
"redhat-operators","registry.redhat.io/redhat/redhat-operator-index:v5.0","devspaces","3.30.0","incompatible_dependency","OLMv1 does not resolve this catalog dependency: olm.package.required: devworkspace-operator >=0.12.0.","catalog_bundle_metadata","2026-10-09"
"redhat-operators","registry.redhat.io/redhat/redhat-operator-index:v5.0","devworkspace-operator","0.43.0","compatible_reported","Listed as OLMv1-compatible in the user-supplied assessment; not independently install-tested.","user_supplied_compatible_list","2026-10-09"
"redhat-operators","registry.redhat.io/redhat/redhat-operator-index:v5.0","dpu-network-operator","4.13.0-202309181427","compatible_reported","Listed as OLMv1-compatible in the user-supplied assessment; not independently install-tested.","user_supplied_compatible_list","2026-10-09"
"redhat-operators","registry.redhat.io/redhat/redhat-operator-index:v5.0","eap","3.2.26","compatible_reported","Listed as OLMv1-compatible in the user-supplied assessment; not independently install-tested.","user_supplied_compatible_list","2026-10-09"
"redhat-operators","registry.redhat.io/redhat/redhat-operator-index:v5.0","fence-agents-remediation","0.8.1","compatible_reported","Listed as OLMv1-compatible in the user-supplied assessment; not independently install-tested.","user_supplied_compatible_list","2026-10-09"
"redhat-operators","registry.redhat.io/redhat/redhat-operator-index:v5.0","file-integrity-operator","1.5.0","compatible_reported","Listed as OLMv1-compatible in the user-supplied assessment; not independently install-tested.","user_supplied_compatible_list","2026-10-09"
"redhat-operators","registry.redhat.io/redhat/redhat-operator-index:v5.0","gatekeeper-operator-product","3.21.1","compatible_reported","Listed as OLMv1-compatible in the user-supplied assessment; not independently install-tested.","user_supplied_compatible_list","2026-10-09"
"redhat-operators","registry.redhat.io/redhat/redhat-operator-index:v5.0","job-set","1.0.1","not_ga_compatible","Current bundle lacks AllNamespaces install mode; OwnNamespace/SingleNamespace use is Technology Preview.","catalog_bundle_metadata","2026-10-09"
"redhat-operators","registry.redhat.io/redhat/redhat-operator-index:v5.0","jws-operator","2.3.3","compatible_reported","Listed as OLMv1-compatible in the user-supplied assessment; not independently install-tested.","user_supplied_compatible_list","2026-10-09"
"redhat-operators","registry.redhat.io/redhat/redhat-operator-index:v5.0","kernel-module-management","2.7.1","compatible_reported","Listed as OLMv1-compatible in the user-supplied assessment; not independently install-tested.","user_supplied_compatible_list","2026-10-09"
"redhat-operators","registry.redhat.io/redhat/redhat-operator-index:v5.0","kernel-module-management-hub","2.7.1","not_ga_compatible","Current bundle lacks AllNamespaces install mode; OwnNamespace/SingleNamespace use is Technology Preview.","catalog_bundle_metadata","2026-10-09"
"redhat-operators","registry.redhat.io/redhat/redhat-operator-index:v5.0","kiali-ossm","2.27.5","unverified","Absent from the supplied compatible list, but bundle supports AllNamespaces and has no unsupported catalog dependency; incompatibility not established.","catalog_bundle_metadata","2026-10-09"
"redhat-operators","registry.redhat.io/redhat/redhat-operator-index:v5.0","kubevirt-hyperconverged","4.22.9","not_ga_compatible","Current bundle lacks AllNamespaces install mode; OwnNamespace/SingleNamespace use is Technology Preview.","catalog_bundle_metadata","2026-10-09"
"redhat-operators","registry.redhat.io/redhat/redhat-operator-index:v5.0","kueue-operator","1.4.3","compatible_reported","Listed as OLMv1-compatible in the user-supplied assessment; not independently install-tested.","user_supplied_compatible_list","2026-10-09"
"redhat-operators","registry.redhat.io/redhat/redhat-operator-index:v5.0","leader-worker-set","1.0.1","not_ga_compatible","Current bundle lacks AllNamespaces install mode; OwnNamespace/SingleNamespace use is Technology Preview.","catalog_bundle_metadata","2026-10-09"
"redhat-operators","registry.redhat.io/redhat/redhat-operator-index:v5.0","lifecycle-agent","4.22.2","not_ga_compatible","Current bundle lacks AllNamespaces install mode; OwnNamespace/SingleNamespace use is Technology Preview.","catalog_bundle_metadata","2026-10-09"
"redhat-operators","registry.redhat.io/redhat/redhat-operator-index:v5.0","logic-operator","1.38.1","compatible_reported","Listed as OLMv1-compatible in the user-supplied assessment; not independently install-tested.","user_supplied_compatible_list","2026-10-09"
"redhat-operators","registry.redhat.io/redhat/redhat-operator-index:v5.0","logic-operator-rhel8","1.36.1","compatible_reported","Listed as OLMv1-compatible in the user-supplied assessment; not independently install-tested.","user_supplied_compatible_list","2026-10-09"
"redhat-operators","registry.redhat.io/redhat/redhat-operator-index:v5.0","machine-deletion-remediation","0.7.1","compatible_reported","Listed as OLMv1-compatible in the user-supplied assessment; not independently install-tested.","user_supplied_compatible_list","2026-10-09"
"redhat-operators","registry.redhat.io/redhat/redhat-operator-index:v5.0","mcg-operator","4.22.3-rhodf","compatible_reported","Listed as OLMv1-compatible in the user-supplied assessment; not independently install-tested.","user_supplied_compatible_list","2026-10-09"
"redhat-operators","registry.redhat.io/redhat/redhat-operator-index:v5.0","model-validation-operator","0.1.2","compatible_reported","Listed as OLMv1-compatible in the user-supplied assessment; not independently install-tested.","user_supplied_compatible_list","2026-10-09"
"redhat-operators","registry.redhat.io/redhat/redhat-operator-index:v5.0","mta-operator","8.3.0","not_ga_compatible","Current bundle lacks AllNamespaces install mode; OwnNamespace/SingleNamespace use is Technology Preview.","catalog_bundle_metadata","2026-10-09"
"redhat-operators","registry.redhat.io/redhat/redhat-operator-index:v5.0","mtr-operator","1.2.7","not_ga_compatible","Current bundle lacks AllNamespaces install mode; OwnNamespace/SingleNamespace use is Technology Preview.","catalog_bundle_metadata","2026-10-09"
"redhat-operators","registry.redhat.io/redhat/redhat-operator-index:v5.0","multicluster-engine","2.17.3","not_ga_compatible","Current bundle lacks AllNamespaces install mode; OwnNamespace/SingleNamespace use is Technology Preview.","catalog_bundle_metadata","2026-10-09"
"redhat-operators","registry.redhat.io/redhat/redhat-operator-index:v5.0","netobserv-operator","1.12.3","compatible_reported","Listed as OLMv1-compatible in the user-supplied assessment; not independently install-tested.","user_supplied_compatible_list","2026-10-09"
"redhat-operators","registry.redhat.io/redhat/redhat-operator-index:v5.0","node-healthcheck-operator","0.12.1","compatible_reported","Listed as OLMv1-compatible in the user-supplied assessment; not independently install-tested.","user_supplied_compatible_list","2026-10-09"
"redhat-operators","registry.redhat.io/redhat/redhat-operator-index:v5.0","node-maintenance-operator","5.7.1","compatible_reported","Listed as OLMv1-compatible in the user-supplied assessment; not independently install-tested.","user_supplied_compatible_list","2026-10-09"
"redhat-operators","registry.redhat.io/redhat/redhat-operator-index:v5.0","node-observability-operator","0.2.0","compatible_reported","Listed as OLMv1-compatible in the user-supplied assessment; not independently install-tested.","user_supplied_compatible_list","2026-10-09"
"redhat-operators","registry.redhat.io/redhat/redhat-operator-index:v5.0","numaresources-operator","4.22.1","compatible_reported","Listed as OLMv1-compatible in the user-supplied assessment; not independently install-tested.","user_supplied_compatible_list","2026-10-09"
"redhat-operators","registry.redhat.io/redhat/redhat-operator-index:v5.0","ocs-client-operator","4.22.3-rhodf","incompatible_dependency","OLMv1 does not resolve this catalog dependency: olm.package.required: cephcsi-operator, odf-csi-addons-operator, odf-external-snapshotter-operator, recipe (all 4.22.3-rhodf).","catalog_bundle_metadata","2026-10-09"
"redhat-operators","registry.redhat.io/redhat/redhat-operator-index:v5.0","ocs-operator","4.22.3-rhodf","not_ga_compatible","Current bundle lacks AllNamespaces install mode; OwnNamespace/SingleNamespace use is Technology Preview.","catalog_bundle_metadata","2026-10-09"
"redhat-operators","registry.redhat.io/redhat/redhat-operator-index:v5.0","ocs-tls-profiles","4.22.3-rhodf","compatible_reported","Listed as OLMv1-compatible in the user-supplied assessment; not independently install-tested.","user_supplied_compatible_list","2026-10-09"
"redhat-operators","registry.redhat.io/redhat/redhat-operator-index:v5.0","odf-csi-addons-operator","4.22.3-rhodf","compatible_reported","Listed as OLMv1-compatible in the user-supplied assessment; not independently install-tested.","user_supplied_compatible_list","2026-10-09"
"redhat-operators","registry.redhat.io/redhat/redhat-operator-index:v5.0","odf-dependencies","4.22.3-rhodf","incompatible_dependency","OLMv1 does not resolve this catalog dependency: olm.package.required: cephcsi-operator, mcg-operator, ocs-client-operator, ocs-operator, ocs-tls-profiles, odf-csi-addons-operator, odf-external-snapshotter-operator, odf-prometheus-operator, recipe, rook-ceph-operator (all 4.22.3-rhodf); also lacks AllNamespaces.","catalog_bundle_metadata","2026-10-09"
"redhat-operators","registry.redhat.io/redhat/redhat-operator-index:v5.0","odf-external-snapshotter-operator","4.22.3-rhodf","compatible_reported","Listed as OLMv1-compatible in the user-supplied assessment; not independently install-tested.","user_supplied_compatible_list","2026-10-09"
"redhat-operators","registry.redhat.io/redhat/redhat-operator-index:v5.0","odf-multicluster-orchestrator","4.22.3-rhodf","incompatible_dependency","OLMv1 does not resolve this catalog dependency: olm.package.required: odr-hub-operator <=4.22.3.","catalog_bundle_metadata","2026-10-09"
"redhat-operators","registry.redhat.io/redhat/redhat-operator-index:v5.0","odf-operator","4.22.3-rhodf","not_ga_compatible","Current bundle lacks AllNamespaces install mode; OwnNamespace/SingleNamespace use is Technology Preview.","catalog_bundle_metadata","2026-10-09"
"redhat-operators","registry.redhat.io/redhat/redhat-operator-index:v5.0","odf-prometheus-operator","4.22.3-rhodf","not_ga_compatible","Current bundle lacks AllNamespaces install mode; OwnNamespace/SingleNamespace use is Technology Preview.","catalog_bundle_metadata","2026-10-09"
"redhat-operators","registry.redhat.io/redhat/redhat-operator-index:v5.0","odr-cluster-operator","4.22.3-rhodf","compatible_reported","Listed as OLMv1-compatible in the user-supplied assessment; not independently install-tested.","user_supplied_compatible_list","2026-10-09"
"redhat-operators","registry.redhat.io/redhat/redhat-operator-index:v5.0","odr-hub-operator","4.22.3-rhodf","compatible_reported","Listed as OLMv1-compatible in the user-supplied assessment; not independently install-tested.","user_supplied_compatible_list","2026-10-09"
"redhat-operators","registry.redhat.io/redhat/redhat-operator-index:v5.0","odr-volsync-plugin-operator","4.22.3-rhodf","incompatible_dependency","OLMv1 does not resolve this catalog dependency: olm.gvk.required: volsync.backube/v1alpha1 ReplicationDestination and ReplicationSource.","catalog_bundle_metadata","2026-10-09"
"redhat-operators","registry.redhat.io/redhat/redhat-operator-index:v5.0","openshift-cert-manager-operator","1.20.1","compatible_reported","Listed as OLMv1-compatible in the user-supplied assessment; not independently install-tested.","user_supplied_compatible_list","2026-10-09"
"redhat-operators","registry.redhat.io/redhat/redhat-operator-index:v5.0","openshift-custom-metrics-autoscaler-operator","2.19.0-4","compatible_reported","Listed as OLMv1-compatible in the user-supplied assessment; not independently install-tested.","user_supplied_compatible_list","2026-10-09"
"redhat-operators","registry.redhat.io/redhat/redhat-operator-index:v5.0","openshift-external-secrets-operator","1.2.1","compatible_reported","Listed as OLMv1-compatible in the user-supplied assessment; not independently install-tested.","user_supplied_compatible_list","2026-10-09"
"redhat-operators","registry.redhat.io/redhat/redhat-operator-index:v5.0","openshift-gitops-operator","1.22.1","compatible_reported","Listed as OLMv1-compatible in the user-supplied assessment; not independently install-tested.","user_supplied_compatible_list","2026-10-09"
"redhat-operators","registry.redhat.io/redhat/redhat-operator-index:v5.0","openshift-pipelines-operator-rh","1.24.1","compatible_reported","Listed as OLMv1-compatible in the user-supplied assessment; not independently install-tested.","user_supplied_compatible_list","2026-10-09"
"redhat-operators","registry.redhat.io/redhat/redhat-operator-index:v5.0","openshift-secondary-scheduler-operator","1.3.1","not_ga_compatible","Current bundle lacks AllNamespaces install mode; OwnNamespace/SingleNamespace use is Technology Preview.","catalog_bundle_metadata","2026-10-09"
"redhat-operators","registry.redhat.io/redhat/redhat-operator-index:v5.0","opentelemetry-product","0.158.0-2","compatible_reported","Listed as OLMv1-compatible in the user-supplied assessment; not independently install-tested.","user_supplied_compatible_list","2026-10-09"
"redhat-operators","registry.redhat.io/redhat/redhat-operator-index:v5.0","policy-controller-operator","1.0.2","compatible_reported","Listed as OLMv1-compatible in the user-supplied assessment; not independently install-tested.","user_supplied_compatible_list","2026-10-09"
"redhat-operators","registry.redhat.io/redhat/redhat-operator-index:v5.0","quay-bridge-operator","3.18.0","compatible_reported","Listed as OLMv1-compatible in the user-supplied assessment; not independently install-tested.","user_supplied_compatible_list","2026-10-09"
"redhat-operators","registry.redhat.io/redhat/redhat-operator-index:v5.0","quay-operator","3.18.0","compatible_reported","Listed as OLMv1-compatible in the user-supplied assessment; not independently install-tested.","user_supplied_compatible_list","2026-10-09"
"redhat-operators","registry.redhat.io/redhat/redhat-operator-index:v5.0","recipe","4.22.3-rhodf","compatible_reported","Listed as OLMv1-compatible in the user-supplied assessment; not independently install-tested.","user_supplied_compatible_list","2026-10-09"
"redhat-operators","registry.redhat.io/redhat/redhat-operator-index:v5.0","red-hat-hawtio-operator","2.0.1+0.1790560657.p","compatible_reported","Listed as OLMv1-compatible in the user-supplied assessment; not independently install-tested.","user_supplied_compatible_list","2026-10-09"
"redhat-operators","registry.redhat.io/redhat/redhat-operator-index:v5.0","rh-service-binding-operator","1.3.3","compatible_reported","Listed as OLMv1-compatible in the user-supplied assessment; not independently install-tested.","user_supplied_compatible_list","2026-10-09"
"redhat-operators","registry.redhat.io/redhat/redhat-operator-index:v5.0","rhacs-operator","4.11.4","compatible_reported","Listed as OLMv1-compatible in the user-supplied assessment; not independently install-tested.","user_supplied_compatible_list","2026-10-09"
"redhat-operators","registry.redhat.io/redhat/redhat-operator-index:v5.0","rhpam-kogito-operator","7.13.5-4","compatible_reported","Listed as OLMv1-compatible in the user-supplied assessment; not independently install-tested.","user_supplied_compatible_list","2026-10-09"
"redhat-operators","registry.redhat.io/redhat/redhat-operator-index:v5.0","rhsso-operator","7.6.13-opr-001","not_ga_compatible","Current bundle lacks AllNamespaces install mode; OwnNamespace/SingleNamespace use is Technology Preview.","catalog_bundle_metadata","2026-10-09"
"redhat-operators","registry.redhat.io/redhat/redhat-operator-index:v5.0","rhtas-operator","1.5.0","compatible_reported","Listed as OLMv1-compatible in the user-supplied assessment; not independently install-tested.","user_supplied_compatible_list","2026-10-09"
"redhat-operators","registry.redhat.io/redhat/redhat-operator-index:v5.0","rook-ceph-operator","4.22.3-rhodf","not_ga_compatible","Current bundle lacks AllNamespaces install mode; OwnNamespace/SingleNamespace use is Technology Preview.","catalog_bundle_metadata","2026-10-09"
"redhat-operators","registry.redhat.io/redhat/redhat-operator-index:v5.0","run-once-duration-override-operator","1.2.0","not_ga_compatible","Current bundle lacks AllNamespaces install mode; OwnNamespace/SingleNamespace use is Technology Preview.","catalog_bundle_metadata","2026-10-09"
"redhat-operators","registry.redhat.io/redhat/redhat-operator-index:v5.0","security-profiles-operator","0.10.1","unverified","Absent from the supplied compatible list, but bundle supports AllNamespaces and has no unsupported catalog dependency; incompatibility not established.","catalog_bundle_metadata","2026-10-09"
"redhat-operators","registry.redhat.io/redhat/redhat-operator-index:v5.0","self-node-remediation","0.13.1","compatible_reported","Listed as OLMv1-compatible in the user-supplied assessment; not independently install-tested.","user_supplied_compatible_list","2026-10-09"
"redhat-operators","registry.redhat.io/redhat/redhat-operator-index:v5.0","serverless-operator","1.34.1","compatible_reported","Listed as OLMv1-compatible in the user-supplied assessment; not independently install-tested.","user_supplied_compatible_list","2026-10-09"
"redhat-operators","registry.redhat.io/redhat/redhat-operator-index:v5.0","service-registry-operator","2.6.13-r4","compatible_reported","Listed as OLMv1-compatible in the user-supplied assessment; not independently install-tested.","user_supplied_compatible_list","2026-10-09"
"redhat-operators","registry.redhat.io/redhat/redhat-operator-index:v5.0","servicemeshoperator3","3.4.3","unverified","Absent from the supplied compatible list, but bundle supports AllNamespaces and has no unsupported catalog dependency; incompatibility not established.","catalog_bundle_metadata","2026-10-09"
"redhat-operators","registry.redhat.io/redhat/redhat-operator-index:v5.0","skupper-netobs-operator","2.2.2-rh-1","compatible_reported","Listed as OLMv1-compatible in the user-supplied assessment; not independently install-tested.","user_supplied_compatible_list","2026-10-09"
"redhat-operators","registry.redhat.io/redhat/redhat-operator-index:v5.0","skupper-operator","2.2.2-rh-1","compatible_reported","Listed as OLMv1-compatible in the user-supplied assessment; not independently install-tested.","user_supplied_compatible_list","2026-10-09"
"redhat-operators","registry.redhat.io/redhat/redhat-operator-index:v5.0","storage-based-remediation","0.3.1","compatible_reported","Listed as OLMv1-compatible in the user-supplied assessment; not independently install-tested.","user_supplied_compatible_list","2026-10-09"
"redhat-operators","registry.redhat.io/redhat/redhat-operator-index:v5.0","tang-operator","1.0.3","compatible_reported","Listed as OLMv1-compatible in the user-supplied assessment; not independently install-tested.","user_supplied_compatible_list","2026-10-09"
"redhat-operators","registry.redhat.io/redhat/redhat-operator-index:v5.0","tempo-product","0.22.0-2","compatible_reported","Listed as OLMv1-compatible in the user-supplied assessment; not independently install-tested.","user_supplied_compatible_list","2026-10-09"
"redhat-operators","registry.redhat.io/redhat/redhat-operator-index:v5.0","topology-aware-lifecycle-manager","4.22.1","compatible_reported","Listed as OLMv1-compatible in the user-supplied assessment; not independently install-tested.","user_supplied_compatible_list","2026-10-09"
"redhat-operators","registry.redhat.io/redhat/redhat-operator-index:v5.0","web-terminal","1.17.1","incompatible_dependency","OLMv1 does not resolve this catalog dependency: olm.package.required: devworkspace-operator >=0.6.0; olm.gvk.required: DevWorkspaceRouting and DevWorkspace v1alpha1.","catalog_bundle_metadata","2026-10-09"
